{
  "AircraftName": "000056",
  "MainWing": [
    {
      "Span": 12.865891421875002,
      "Area": 19.80375001685588,
      "RootChord": 3.25,
      "TipChord": 0.9166666666666666,
      "Sweep": 30.0
    }
  ],
  "Fuselage": [
    {
      "Length": 3.765560613242424,
      "MaxWidth": 1.09298,
      "MaxHeight": 0.6930919191919193
    }
  ]
}