{
  "AircraftName": "000080",
  "MainWing": [
    {
      "Span": 35.99999999999999,
      "Area": 138.42814655802846,
      "RootChord": 5.299999999999999,
      "TipChord": 2.6000000000000014,
      "Sweep": -1.557528409090903
    }
  ],
  "Fuselage": [
    {
      "Length": 23.12,
      "MaxWidth": 5.7,
      "MaxHeight": 5.3
    }
  ],
  "VerticalTail": [
    {
      "Span": 17.175257731958762,
      "Area": 56.67835051546391,
      "RootChord": 3.9265602034581275,
      "TipChord": 2.6734397965418726,
      "Sweep": -15.802911931818178
    }
  ]
}