{
  "AircraftName": "000086",
  "MainWing": [
    {
      "Span": 15.1979203679746,
      "Area": 124.43846805714551,
      "RootChord": 15.066888853877485,
      "TipChord": 2.2459958539941596,
      "Sweep": 49.44292237442922
    }
  ],
  "HorizontalTail": [
    {
      "Span": 6.302088822916667,
      "Area": 15.880308982725696,
      "RootChord": 4.0,
      "TipChord": 0.15,
      "Sweep": 59.88636363636363
    }
  ],
  "VerticalTail": [
    {
      "Span": 8.025001947916667,
      "Area": 20.304649773649096,
      "RootChord": 4.200000000000001,
      "TipChord": 0.2,
      "Sweep": 41.849999999999994
    }
  ],
  "Fuselage": [
    {
      "Length": 23.30001,
      "MaxWidth": 2.0,
      "MaxHeight": 1.4
    }
  ]
}