{
  "AircraftName": "000066",
  "Fuselage": [
    {
      "Length": 35.36000000000001,
      "MaxWidth": 5.050000000000001,
      "MaxHeight": 5.050000000000001
    }
  ],
  "MainWing": [
    {
      "Span": 22.699326713977257,
      "Area": 251.39591911557397,
      "RootChord": 23.499999999999986,
      "TipChord": 3.0,
      "Sweep": 0.0
    }
  ],
  "HorizontalTail": [
    {
      "Span": 13.51,
      "Area": 58.95707708333334,
      "RootChord": 7.156250000000001,
      "TipChord": 1.5716666666666668,
      "Sweep": 40.0
    }
  ],
  "VerticalTail": [
    {
      "Span": 6.0,
      "Area": 27.901010657662525,
      "RootChord": 8.872952489560534,
      "TipChord": 2.900000000000001,
      "Sweep": 0.0
    }
  ]
}