{
  "AircraftName": "000013",
  "Fuselage": [
    {
      "Length": 45.5,
      "MaxWidth": 4.303853754940711,
      "MaxHeight": 5.824017540900658
    }
  ],
  "MainWing": [
    {
      "Span": 31.468750343749996,
      "Area": 260.67732109463225,
      "RootChord": 13.067376730700417,
      "TipChord": 3.5,
      "Sweep": 27.5
    }
  ],
  "HorizontalTail": [
    {
      "Span": 12.0,
      "Area": 53.61500616895605,
      "RootChord": 6.125000000000001,
      "TipChord": 2.8108343614926747,
      "Sweep": 42.5
    }
  ],
  "VerticalTail": [
    {
      "Span": 16.76041846875,
      "Area": 105.1842994886945,
      "RootChord": 10.500000000000004,
      "TipChord": 2.465181268442355,
      "Sweep": 47.5
    }
  ]
}