{
  "AircraftName": "000014",
  "Fuselage": [
    {
      "Length": 40.0,
      "MaxWidth": 7.629275664230586,
      "MaxHeight": 4.390909090909091
    }
  ],
  "VerticalTail": [
    {
      "Span": 8.372550320261437,
      "Area": 56.44005598455722,
      "RootChord": 12.352941176470589,
      "TipChord": 3.954248366013072,
      "Sweep": 73.0
    }
  ],
  "HorizontalTail": [
    {
      "Span": 17.398694,
      "Area": 108.19390771241831,
      "RootChord": 9.882352941176471,
      "TipChord": 2.0849673202614376,
      "Sweep": 40.0
    }
  ],
  "MainWing": [
    {
      "Span": 27.568628,
      "Area": 231.50440035555556,
      "RootChord": 14.134640522875817,
      "TipChord": 2.6601307189542482,
      "Sweep": 40.0
    }
  ]
}