{
  "AircraftName": "000024",
  "Fuselage": [
    {
      "Length": 30.81818181818182,
      "MaxWidth": 2.8656858523107824,
      "MaxHeight": 3.5830213669594912
    }
  ],
  "MainWing": [
    {
      "Span": 28.000000000000004,
      "Area": 239.16666666666674,
      "RootChord": 12.401234567901238,
      "TipChord": 4.6820987654321,
      "Sweep": 30.0
    }
  ],
  "HorizontalTail": [
    {
      "Span": 11.245680824830314,
      "Area": 25.95290173686594,
      "RootChord": 3.4803504391254685,
      "TipChord": 1.1352708186933158,
      "Sweep": 20.0
    }
  ],
  "VerticalTail": [
    {
      "Span": 5.7000007,
      "Area": 24.795407109321836,
      "RootChord": 5.471880907372401,
      "TipChord": 3.2282608695652173,
      "Sweep": 37.16666666666667
    }
  ]
}