{
  "AircraftName": "000076",
  "Fuselage": [
    {
      "Length": 15.77,
      "MaxWidth": 2.0,
      "MaxHeight": 2.25
    }
  ],
  "MainWing": [
    {
      "Span": 19.81,
      "Area": 39.0257,
      "RootChord": 1.9700000000000002,
      "TipChord": 1.9700000000000002,
      "Sweep": 0.0
    }
  ],
  "HorizontalTail": [
    {
      "Span": 5.0,
      "Area": 5.0,
      "RootChord": 1.0,
      "TipChord": 1.0,
      "Sweep": 0.0
    }
  ],
  "VerticalTail": [
    {
      "Span": 3.0,
      "Area": 4.499999999999999,
      "RootChord": 1.8919023634250287,
      "TipChord": 1.1080976365749708,
      "Sweep": 30.0
    }
  ]
}