{
  "AircraftName": "000052",
  "Fuselage": [
    {
      "Length": 15.59091,
      "MaxWidth": 2.1289113601379763,
      "MaxHeight": 2.1060492619033138
    }
  ],
  "MainWing": [
    {
      "Span": 44.85265061517049,
      "Area": 77.03384105746008,
      "RootChord": 2.569010195158303,
      "TipChord": 0.22311,
      "Sweep": 0.22580645161290303
    }
  ],
  "VerticalTail": [
    {
      "Span": 8.937581466691734,
      "Area": 22.915305534936245,
      "RootChord": 3.4397572073872933,
      "TipChord": 1.6880965907204397,
      "Sweep": 39.19354838709677
    }
  ]
}