{
  "AircraftName": "000026",
  "Fuselage": [
    {
      "Length": 25.156,
      "MaxWidth": 4.176992399790232,
      "MaxHeight": 5.7201665675193345
    }
  ],
  "MainWing": [
    {
      "Span": 32.4,
      "Area": 184.27499999999992,
      "RootChord": 7.549999999999997,
      "TipChord": 3.824999999999999,
      "Sweep": 2.918287937743191
    }
  ],
  "HorizontalTail": [
    {
      "Span": 13.172,
      "Area": 43.85135599131852,
      "RootChord": 3.999999999999999,
      "TipChord": 2.6582684469053324,
      "Sweep": 6.0
    }
  ],
  "VerticalTail": [
    {
      "Span": 5.640625703125,
      "Area": 20.550092079874673,
      "RootChord": 5.395833333333333,
      "TipChord": 1.890625,
      "Sweep": 30.0
    }
  ]
}