{
  "AircraftName": "000050",
  "Fuselage": [
    {
      "Length": 30.0,
      "MaxWidth": 3.85,
      "MaxHeight": 3.85
    }
  ],
  "MainWing": [
    {
      "Span": 23.2,
      "Area": 193.23637152777775,
      "RootChord": 13.53472222222222,
      "TipChord": 3.7131076388888875,
      "Sweep": 30.0
    }
  ],
  "VerticalTail": [
    {
      "Span": 12.147137194010417,
      "Area": 39.288396861877445,
      "RootChord": 4.520833333333333,
      "TipChord": 1.9479166666666667,
      "Sweep": 12.09090909090909
    }
  ]
}