{
  "AircraftName": "000009",
  "Fuselage": [
    {
      "Length": 6.8,
      "MaxWidth": 1.2446,
      "MaxHeight": 1.46304004681728
    }
  ],
  "VerticalTail": [
    {
      "Span": 1.7624000048768,
      "Area": 1.6235700491917187,
      "RootChord": 1.0000000000000004,
      "TipChord": 0.4134903447854794,
      "Sweep": 30.0
    }
  ],
  "MainWing": [
    {
      "Span": 11.722543152129372,
      "Area": 13.543828876004076,
      "RootChord": 1.5597705180837418,
      "TipChord": 0.5610705326151951,
      "Sweep": 0.0
    }
  ],
  "HorizontalTail": [
    {
      "Span": 4.000000128,
      "Area": 2.399575906638208,
      "RootChord": 0.7587676847561956,
      "TipChord": 0.2358685240440141,
      "Sweep": 0.0
    }
  ]
}