{
  "AircraftName": "000071",
  "Fuselage": [
    {
      "Length": 10.0,
      "MaxWidth": 1.81818,
      "MaxHeight": 2.19678
    }
  ],
  "MainWing": [
    {
      "Span": 13.26042,
      "Area": 28.3855865625,
      "RootChord": 3.2812499999999996,
      "TipChord": 1.0,
      "Sweep": 30.0
    }
  ],
  "HorizontalTail": [
    {
      "Span": 5.54298,
      "Area": 6.3558025871999995,
      "RootChord": 1.89224,
      "TipChord": 0.40104,
      "Sweep": 23.63636
    }
  ],
  "VerticalTail": [
    {
      "Span": 2.2739,
      "Area": 3.4758039535,
      "RootChord": 2.05713,
      "TipChord": 1.0,
      "Sweep": 30.0
    }
  ]
}