{
  "AircraftName": "000043",
  "Fuselage": [
    {
      "Length": 15.0,
      "MaxWidth": 2.5127830533235938,
      "MaxHeight": 2.6710883856829803
    }
  ],
  "MainWing": [
    {
      "Span": 19.00890016514757,
      "Area": 55.57937054498697,
      "RootChord": 3.3,
      "TipChord": 2.0,
      "Sweep": 0.0
    }
  ],
  "VerticalTail": [
    {
      "Span": 3.535271156116173,
      "Area": 8.477053308024203,
      "RootChord": 3.201926487141301,
      "TipChord": 1.375,
      "Sweep": 0.0
    }
  ],
  "HorizontalTail": [
    {
      "Span": 8.659794634020617,
      "Area": 15.814038491960567,
      "RootChord": 2.334581163194446,
      "TipChord": 1.3177083333333344,
      "Sweep": 8.318181818181817
    }
  ]
}