{
  "AircraftName": "000016",
  "MainWing": [
    {
      "Span": 32.45916102116048,
      "Area": 92.36405544322574,
      "RootChord": 3.5555555555597778,
      "TipChord": 1.7777777777798884,
      "Sweep": 12.0
    }
  ],
  "Fuselage": [
    {
      "Length": 30.0,
      "MaxWidth": 2.5,
      "MaxHeight": 2.5
    }
  ],
  "HorizontalTail": [
    {
      "Span": 14.999999999999998,
      "Area": 31.499999999999996,
      "RootChord": 2.2,
      "TipChord": 2.0,
      "Sweep": 0.0
    }
  ],
  "VerticalTail": [
    {
      "Span": 4.0,
      "Area": 8.0,
      "RootChord": 2.0,
      "TipChord": 2.0,
      "Sweep": 10.0
    }
  ]
}