{
  "AircraftName": "000035",
  "HorizontalTail": [
    {
      "Span": 3.0891034846555394,
      "Area": 1.6200317819447365,
      "RootChord": 0.8390948584231757,
      "TipChord": 0.20977371460579392,
      "Sweep": 30.0
    }
  ],
  "VerticalTail": [
    {
      "Span": 1.45994503127051,
      "Area": 1.009697715890171,
      "RootChord": 1.1065597065790747,
      "TipChord": 0.27663992664476866,
      "Sweep": 30.0
    }
  ],
  "MainWing": [
    {
      "Span": 6.956227569721818,
      "Area": 8.482279353917058,
      "RootChord": 3.140625000000004,
      "TipChord": 0.5090250771913125,
      "Sweep": 30.0
    }
  ],
  "Fuselage": [
    {
      "Length": 7.583,
      "MaxWidth": 1.0,
      "MaxHeight": 1.0
    }
  ]
}