{
  "AircraftName": "000029",
  "MainWing": [
    {
      "Span": 31.81764074078298,
      "Area": 169.58846701366926,
      "RootChord": 7.487035191231034,
      "TipChord": 3.406013771975115,
      "Sweep": 3.2857142857142865
    }
  ],
  "Fuselage": [
    {
      "Length": 35.55839940841237,
      "MaxWidth": 3.278650912578663,
      "MaxHeight": 2.533069733938822
    }
  ],
  "HorizontalTail": [
    {
      "Span": 11.511479204621551,
      "Area": 37.70769781679611,
      "RootChord": 4.257023679375268,
      "TipChord": 2.2738608032420955,
      "Sweep": 14.5
    }
  ],
  "VerticalTail": [
    {
      "Span": 5.967884497578288,
      "Area": 31.205448989005987,
      "RootChord": 7.430310000000001,
      "TipChord": 3.015215405659584,
      "Sweep": 30.0
    }
  ]
}