{
  "AircraftName": "000077",
  "MainWing": [
    {
      "Span": 15.9144,
      "Area": 41.379733719680004,
      "RootChord": 6.299333333333333,
      "TipChord": 0.41515947200000003,
      "Sweep": 50.714116
    }
  ],
  "Fuselage": [
    {
      "Length": 14.819999999999999,
      "MaxWidth": 3.082181818181818,
      "MaxHeight": 1.7888
    }
  ],
  "VerticalTail": [
    {
      "Span": 6.594224831999998,
      "Area": 9.78395574170757,
      "RootChord": 2.149030208,
      "TipChord": 0.6640838880000001,
      "Sweep": 32.380876
    }
  ]
}