{
  "AircraftName": "000027",
  "Fuselage": [
    {
      "Length": 32.0,
      "MaxWidth": 4.630422593231336,
      "MaxHeight": 4.845454545454546
    }
  ],
  "MainWing": [
    {
      "Span": 39.55,
      "Area": 221.64479166666666,
      "RootChord": 8.458333333333334,
      "TipChord": 2.75,
      "Sweep": 6.0
    }
  ],
  "HorizontalTail": [
    {
      "Span": 17.6,
      "Area": 58.52916666666667,
      "RootChord": 4.302083333333333,
      "TipChord": 2.3489583333333335,
      "Sweep": 8.363636363636363
    }
  ],
  "VerticalTail": [
    {
      "Span": 6.4322923281249995,
      "Area": 26.566707376057945,
      "RootChord": 6.197916666666667,
      "TipChord": 2.0625,
      "Sweep": 45.09090909090909
    }
  ]
}