{
  "AircraftName": "000085",
  "Fuselage": [
    {
      "Length": 49.357142857142854,
      "MaxWidth": 3.36734693877551,
      "MaxHeight": 3.0
    }
  ],
  "MainWing": [
    {
      "Span": 41.89832268565995,
      "Area": 243.0113944907229,
      "RootChord": 12.513227513227516,
      "TipChord": 1.7633309937731705,
      "Sweep": 35.92857142857142
    }
  ],
  "HorizontalTail": [
    {
      "Span": 14.32539807142857,
      "Area": 35.81349517857143,
      "RootChord": 4.0,
      "TipChord": 1.0,
      "Sweep": 30.0
    }
  ]
}