{
  "AircraftName": "000082",
  "Fuselage": [
    {
      "Length": 30.0,
      "MaxWidth": 2.8702774498229044,
      "MaxHeight": 3.2563106281473626
    }
  ],
  "VerticalTail": [
    {
      "Span": 12.540456214853196,
      "Area": 36.254826747260836,
      "RootChord": 5.0,
      "TipChord": 1.8,
      "Sweep": 29.380413703943113
    }
  ],
  "MainWing": [
    {
      "Span": 40.0,
      "Area": 150.0,
      "RootChord": 4.5,
      "TipChord": 3.0,
      "Sweep": 2.0
    }
  ],
  "HorizontalTail": [
    {
      "Span": 9.53846,
      "Area": 23.84615,
      "RootChord": 3.0,
      "TipChord": 2.0,
      "Sweep": -9.91916
    }
  ]
}