{
  "AircraftName": "000030",
  "MainWing": [
    {
      "Span": 55.900955828277354,
      "Area": 523.4946496847249,
      "RootChord": 13.154506123615356,
      "TipChord": 5.984268522343879,
      "Sweep": 3.2857142857142865
    }
  ],
  "Fuselage": [
    {
      "Length": 39.98955096973369,
      "MaxWidth": 7.89361149406844,
      "MaxHeight": 6.098565812659281
    }
  ],
  "HorizontalTail": [
    {
      "Span": 15.169004133948128,
      "Area": 65.47596243610539,
      "RootChord": 5.609601393783815,
      "TipChord": 2.996331167462325,
      "Sweep": 14.5
    }
  ],
  "VerticalTail": [
    {
      "Span": 8.485476424469594,
      "Area": 59.43978901075491,
      "RootChord": 7.119651240103066,
      "TipChord": 3.9732352498045405,
      "Sweep": 30.0
    }
  ]
}