{
  "AircraftName": "000017",
  "Fuselage": [
    {
      "Length": 11.03376,
      "MaxWidth": 1.1,
      "MaxHeight": 1.24
    }
  ],
  "MainWing": [
    {
      "Span": 20.5,
      "Area": 30.529999999999998,
      "RootChord": 2.2,
      "TipChord": 0.6,
      "Sweep": 6.0
    }
  ],
  "VerticalTail1": [
    {
      "Span": 1.15,
      "Area": 1.1844999999999999,
      "RootChord": 1.35,
      "TipChord": 0.71,
      "Sweep": 28.0
    }
  ],
  "VerticalTail2": [
    {
      "Span": 8.30126,
      "Area": 8.4672852,
      "RootChord": 1.37,
      "TipChord": 0.67,
      "Sweep": 12.0
    }
  ]
}