{
  "AircraftName": "000037",
  "Fuselage": [
    {
      "Length": 35.00000000000001,
      "MaxWidth": 5.500000000000001,
      "MaxHeight": 5.000000000000001
    }
  ],
  "MainWing": [
    {
      "Span": 44.00000000000001,
      "Area": 191.00000000000006,
      "RootChord": 7.500000000000002,
      "TipChord": 2.5000000000000004,
      "Sweep": 20.0
    }
  ],
  "VerticalTail": [
    {
      "Span": 6.000000000000002,
      "Area": 32.000000000000014,
      "RootChord": 12.500000000000002,
      "TipChord": 2.5000000000000004,
      "Sweep": 74.0
    }
  ],
  "HorizontalTail": [
    {
      "Span": 13.000000000000002,
      "Area": 37.375000000000014,
      "RootChord": 3.5000000000000013,
      "TipChord": 2.250000000000001,
      "Sweep": 15.0
    }
  ]
}