{
  "AircraftName": "000044",
  "MainWing": [
    {
      "Span": 17.812501062499997,
      "Area": 27.32177897347005,
      "RootChord": 2.5520833333333335,
      "TipChord": 0.515625,
      "Sweep": 30.0
    }
  ],
  "HorizontalTail": [
    {
      "Span": 5.34375171875,
      "Area": 4.313966231282553,
      "RootChord": 1.3854166666666667,
      "TipChord": 0.22916666666666666,
      "Sweep": 31.090909090909093
    }
  ],
  "Fuselage": [
    {
      "Length": 18.033,
      "MaxWidth": 1.714,
      "MaxHeight": 1.714
    }
  ]
}