{
  "AircraftName": "000018",
  "Fuselage": [
    {
      "Length": 41.833554502369665,
      "MaxWidth": 5.62326,
      "MaxHeight": 7.2093
    }
  ],
  "MainWing": [
    {
      "Span": 38.5,
      "Area": 191.1565504262652,
      "RootChord": 7.328859060402684,
      "TipChord": 2.6013513513513513,
      "Sweep": 9.136125654450261
    }
  ],
  "HorizontalTail": [
    {
      "Span": 14.12716284668238,
      "Area": 46.34813700223037,
      "RootChord": 4.5828387597759175,
      "TipChord": 1.9787245923609564,
      "Sweep": 24.32720845699803
    }
  ],
  "VerticalTail": [
    {
      "Span": 7.395622413132447,
      "Area": 61.343720326047034,
      "RootChord": 15.342547677586548,
      "TipChord": 5.135085119663683,
      "Sweep": 75.2724892908139
    }
  ]
}