{
  "AircraftName": "000058",
  "Fuselage": [
    {
      "Length": 27.166666,
      "MaxWidth": 4.4767,
      "MaxHeight": 6.001429837856387
    }
  ],
  "MainWing": [
    {
      "Span": 36.0,
      "Area": 159.88144304406137,
      "RootChord": 4.763385146804837,
      "TipChord": 3.3383013078650876,
      "Sweep": -0.3684353187024385
    }
  ],
  "HorizontalTail": [
    {
      "Span": 12.404146424870467,
      "Area": 47.1421834333808,
      "RootChord": 4.3523316062176205,
      "TipChord": 3.248704663212438,
      "Sweep": 6.733939744768101
    }
  ],
  "VerticalTail": [
    {
      "Span": 4.922280533678756,
      "Area": 17.738062752194686,
      "RootChord": 4.642487046632124,
      "TipChord": 2.5647668393782377,
      "Sweep": 41.95918985082014
    }
  ]
}